{"cameraMode":{"drawMode":0,"name":"Shaded","section":"Shading Mode"},"sceneLighting":false,"audioPlay":false,"sceneViewState":{"showFog":false,"showMaterialUpdate":true,"showSkybox":false,"showFlares":true,"showImageEffects":true,"showParticleSystems":true},"in2DMode":false,"pivot":{"x":20.599746704101564,"y":-252.03125,"z":293.154296875},"rotation":{"x":0.7248987555503845,"y":0.003099799621850252,"z":-0.0032620623242110016,"w":0.6888407468795776},"size":141.96070861816407,"orthographic":true}