{"cameraMode":{"drawMode":0,"name":"Shaded","section":"Shading Mode"},"sceneLighting":false,"audioPlay":false,"sceneViewState":{"showFog":false,"showMaterialUpdate":false,"showSkybox":false,"showFlares":false,"showImageEffects":false,"showParticleSystems":false},"in2DMode":false,"pivot":{"x":-4.049112319946289,"y":-11.176101684570313,"z":728.3609619140625},"rotation":{"x":0.7159560322761536,"y":0.002721531316637993,"z":-0.00279060541652143,"w":0.6981345415115356},"size":89.04238891601563,"orthographic":false}