{"cameraMode":{"drawMode":0,"name":"Shaded","section":"Shading Mode"},"sceneLighting":false,"audioPlay":false,"sceneViewState":{"showFog":false,"showMaterialUpdate":true,"showSkybox":false,"showFlares":true,"showImageEffects":true,"showParticleSystems":true},"in2DMode":false,"pivot":{"x":3.874272108078003,"y":-4.4910430908203129,"z":248.5177001953125},"rotation":{"x":0.6985709071159363,"y":3.2573959085624439e-9,"z":-3.1135213851563039e-10,"w":0.7155408263206482},"size":437.35595703125,"orthographic":false}