{"cameraMode":{"drawMode":0,"name":"Shaded","section":"Shading Mode"},"sceneLighting":false,"audioPlay":false,"sceneViewState":{"showFog":false,"showMaterialUpdate":false,"showSkybox":false,"showFlares":false,"showImageEffects":false,"showParticleSystems":false},"in2DMode":false,"pivot":{"x":39.1953125,"y":1.339111328125,"z":223.6298828125},"rotation":{"x":0.016635173931717874,"y":0.7873088717460632,"z":-0.021262522786855699,"w":0.6159674525260925},"size":29.752946853637697,"orthographic":true}