{"cameraMode":{"drawMode":0,"name":"Shaded","section":"Shading Mode"},"sceneLighting":false,"audioPlay":false,"sceneViewState":{"showFog":false,"showMaterialUpdate":false,"showSkybox":false,"showFlares":false,"showImageEffects":false,"showParticleSystems":false},"in2DMode":false,"pivot":{"x":29.375,"y":5.127349853515625,"z":224.0869140625},"rotation":{"x":-0.020033055916428567,"y":-0.7712461352348328,"z":0.024302290752530099,"w":-0.6357574462890625},"size":29.029447555541993,"orthographic":true}