{"cameraMode":{"drawMode":0,"name":"Shaded","section":"Shading Mode"},"sceneLighting":false,"audioPlay":false,"sceneViewState":{"showFog":false,"showMaterialUpdate":false,"showSkybox":false,"showFlares":false,"showImageEffects":false,"showParticleSystems":false},"in2DMode":false,"pivot":{"x":-9.681356430053711,"y":4.713430404663086,"z":211.1646728515625},"rotation":{"x":-0.09498744457960129,"y":-0.6650673151016235,"z":0.08586503565311432,"w":-0.7357242107391357},"size":0.9321605563163757,"orthographic":false}