{"cameraMode":{"drawMode":0,"name":"Shaded","section":"Shading Mode"},"sceneLighting":true,"audioPlay":false,"sceneViewState":{"showFog":false,"showMaterialUpdate":false,"showSkybox":false,"showFlares":true,"showImageEffects":true,"showParticleSystems":true},"in2DMode":false,"pivot":{"x":-16.48655128479004,"y":-11.59375,"z":245.43597412109376},"rotation":{"x":0.709225058555603,"y":1.404186100728566e-9,"z":-3.225221423264202e-9,"w":0.7049821615219116},"size":89.84884643554688,"orthographic":true}