{"cameraMode":{"drawMode":0,"name":"Shaded","section":"Shading Mode"},"sceneLighting":false,"audioPlay":false,"sceneViewState":{"showFog":false,"showMaterialUpdate":false,"showSkybox":false,"showFlares":false,"showImageEffects":false,"showParticleSystems":false},"in2DMode":false,"pivot":{"x":-15.437911033630371,"y":-283.34375,"z":755.263427734375},"rotation":{"x":-0.7028515338897705,"y":-5.576458184108901e-10,"z":7.324055251167749e-10,"w":-0.711336612701416},"size":167.61099243164063,"orthographic":true}