{"cameraMode":{"drawMode":0,"name":"Shaded","section":"Shading Mode"},"sceneLighting":true,"audioPlay":false,"sceneViewState":{"showFog":true,"showMaterialUpdate":false,"showSkybox":true,"showFlares":true,"showImageEffects":true,"showParticleSystems":true},"in2DMode":false,"pivot":{"x":-3.893234968185425,"y":4.384346008300781,"z":-17.276681900024415},"rotation":{"x":-0.04379839077591896,"y":0.0005964913871139288,"z":-0.000026444105969858356,"w":-0.9990402460098267},"size":3.5068061351776125,"orthographic":false}